{"cameraMode":{"drawMode":0,"name":"Shaded","section":"Shading Mode"},"sceneLighting":false,"audioPlay":false,"sceneViewState":{"m_AlwaysRefresh":false,"showFog":true,"showSkybox":false,"showFlares":true,"showImageEffects":true,"showParticleSystems":true,"showVisualEffectGraphs":true,"m_FxEnabled":true},"in2DMode":false,"pivot":{"x":4.638323783874512,"y":-31.144868850708009,"z":45.87660217285156},"rotation":{"x":0.16310261189937592,"y":0.08129587024450302,"z":-0.013484613038599491,"w":0.9831613898277283},"size":57.595054626464847,"orthographic":false}