{"cameraMode":{"drawMode":0,"name":"Shaded","section":"Shading Mode"},"sceneLighting":false,"audioPlay":false,"sceneViewState":{"m_AlwaysRefresh":false,"showFog":true,"showSkybox":false,"showFlares":true,"showImageEffects":true,"showParticleSystems":true,"showVisualEffectGraphs":true,"m_FxEnabled":true},"in2DMode":false,"pivot":{"x":-0.3432750701904297,"y":0.9367918968200684,"z":0.9278683662414551},"rotation":{"x":0.27537789940834048,"y":0.010089820250868798,"z":-0.0028955512680113317,"w":0.9612701535224915},"size":1.4601476192474366,"orthographic":false}