{"cameraMode":{"drawMode":0,"name":"Shaded","section":"Shading Mode"},"sceneLighting":false,"audioPlay":false,"sceneViewState":{"m_AlwaysRefresh":false,"showFog":true,"showSkybox":false,"showFlares":true,"showImageEffects":true,"showParticleSystems":true,"showVisualEffectGraphs":true,"m_FxEnabled":true},"in2DMode":false,"pivot":{"x":1.9477941989898682,"y":0.5874115228652954,"z":7.819785118103027},"rotation":{"x":0.02123585157096386,"y":-0.9366354942321777,"z":0.0576762817800045,"w":0.34487104415893557},"size":2.3332772254943849,"orthographic":false}