{"cameraMode":{"drawMode":0,"name":"Shaded","section":"Shading Mode"},"sceneLighting":true,"audioPlay":false,"sceneViewState":{"m_AlwaysRefresh":false,"showFog":true,"showSkybox":true,"showFlares":true,"showImageEffects":true,"showParticleSystems":true,"showVisualEffectGraphs":true,"m_FxEnabled":true},"in2DMode":false,"pivot":{"x":11.286834716796875,"y":19.911495208740236,"z":86.74088287353516},"rotation":{"x":-0.3676649034023285,"y":0.0016797424759715796,"z":-0.0006027536583133042,"w":-0.9299498796463013},"size":2.287944793701172,"orthographic":false}