{"cameraMode":{"drawMode":0,"name":"Shaded","section":"Shading Mode"},"sceneLighting":false,"audioPlay":false,"sceneViewState":{"m_AlwaysRefresh":false,"showFog":true,"showSkybox":false,"showFlares":true,"showImageEffects":true,"showParticleSystems":true,"showVisualEffectGraphs":true,"m_FxEnabled":true},"in2DMode":false,"pivot":{"x":-2.413372039794922,"y":0.47999998927116396,"z":9.19930648803711},"rotation":{"x":-0.26380422711372378,"y":-0.015337599441409111,"z":0.004207673016935587,"w":-0.9644378423690796},"size":1.9566030502319337,"orthographic":false}